tool,vus,metric,median,min,max,runs
loadtool,100,cpuPercent,11.08,9.64,14.23,3
k6,100,cpuPercent,17.93,15.65,18.25,3
loadtool,250,cpuPercent,18.55,15.08,22.96,3
k6,250,cpuPercent,35.34,27.72,37.04,3
loadtool,500,cpuPercent,24.85,23.59,25.91,3
k6,500,cpuPercent,31.18,30.79,33.7,3
loadtool,750,cpuPercent,26.15,20.01,26.93,3
k6,750,cpuPercent,33.3,33.22,36.67,3
loadtool,1000,cpuPercent,27.4,24.32,33.69,3
k6,1000,cpuPercent,31.99,29.88,32.01,3
loadtool,100,peakPrivateMB,75.1,73,78.3,3
k6,100,peakPrivateMB,187.9,182.5,191.9,3
loadtool,250,peakPrivateMB,101.3,94.6,107.6,3
k6,250,peakPrivateMB,318,314.1,381.8,3
loadtool,500,peakPrivateMB,134.3,126.8,135.8,3
k6,500,peakPrivateMB,408.8,382.6,414.5,3
loadtool,750,peakPrivateMB,170.7,167.5,179.1,3
k6,750,peakPrivateMB,492.7,470.1,512.3,3
loadtool,1000,peakPrivateMB,218.4,214.3,233.4,3
k6,1000,peakPrivateMB,566.3,521.9,581.6,3
loadtool,100,avgPrivateMB,68.7,68.6,68.7,3
k6,100,avgPrivateMB,136.1,135.4,137.6,3
loadtool,250,avgPrivateMB,86.5,85.7,88,3
k6,250,avgPrivateMB,216.5,212.8,226.6,3
loadtool,500,avgPrivateMB,120.9,115.5,122,3
k6,500,avgPrivateMB,297.4,285.9,301.4,3
loadtool,750,avgPrivateMB,156.9,145.4,159.5,3
k6,750,avgPrivateMB,376.9,375.8,377.9,3
loadtool,1000,avgPrivateMB,194.8,192.3,198.9,3
k6,1000,avgPrivateMB,442.8,442.3,458,3
loadtool,100,requestsPerSec,8638.3,8116.8,8947.4,3
k6,100,requestsPerSec,8338.45348751423,8021.20835116646,8673.78008054274,3
loadtool,250,requestsPerSec,13043.1,13002.1,17585.9,3
k6,250,requestsPerSec,16178.0982368285,15319.3691627839,17604.2311165454,3
loadtool,500,requestsPerSec,16462.7,14076.5,17981.1,3
k6,500,requestsPerSec,14536.0205671868,13303.9702131104,15186.0644266497,3
loadtool,750,requestsPerSec,21366.1,11872.6,21686.5,3
k6,750,requestsPerSec,16982.6717463128,16414.9803537747,18628.0486746744,3
loadtool,1000,requestsPerSec,19330.4,15969.7,24254.4,3
k6,1000,requestsPerSec,13704.8959161801,12387.7338717229,16650.8787843698,3
loadtool,100,p50Ms,11.21,10.94,11.53,3
k6,100,p50Ms,11.3571,11.1533,11.5357,3
loadtool,250,p50Ms,14.23,12.24,15.28,3
k6,250,p50Ms,13.6263,12.9408,13.9843,3
loadtool,500,p50Ms,22.15,20.23,25.96,3
k6,500,p50Ms,23.8855,23.6558,26.6341,3
loadtool,750,p50Ms,27.75,26.67,40.6,3
k6,750,p50Ms,32.9315,30.5376,34.0855,3
loadtool,1000,p50Ms,39.5,30.1,40.03,3
k6,1000,p50Ms,41.1755,35.7796,49.8288,3
loadtool,100,p95Ms,13.9,12.79,16.15,3
k6,100,p95Ms,14.9654,13.4807,16.5262,3
loadtool,250,p95Ms,34.38,23.23,41.12,3
k6,250,p95Ms,24.0806,20.6,26.9038,3
loadtool,500,p95Ms,71.14,65.87,81.57,3
k6,500,p95Ms,81.8635399999999,70.4447249999996,85.49916,3
loadtool,750,p95Ms,76.52,68.73,141.9,3
k6,750,p95Ms,94.366285,84.713,97.11776,3
loadtool,1000,p95Ms,114.02,91.73,177.79,3
k6,1000,p95Ms,170.39792,120.4227,208.5005,3
loadtool,100,p99Ms,17.18,14.73,25.8,3
k6,100,p99Ms,19.7226159999999,16.0352,23.7972,3
loadtool,250,p99Ms,89.74,46.72,93.03,3
k6,250,p99Ms,41.60676,31.5074,51.6641,3
loadtool,500,p99Ms,127.71,114.16,142.45,3
k6,500,p99Ms,163.280077,151.097933,172.730406,3
loadtool,750,p99Ms,147.26,104.44,273.78,3
k6,750,p99Ms,172.287903,155.0384,185.830074,3
loadtool,1000,p99Ms,179.72,172.79,300.55,3
k6,1000,p99Ms,303.23313,224.19756,409.782432,3
loadtool,100,errors,0,0,0,3
k6,100,errors,0,0,0,3
loadtool,250,errors,41,0,140,3
k6,250,errors,15,0,33,3
loadtool,500,errors,875,861,890,3
k6,500,errors,277,133,287,3
loadtool,750,errors,3356,1418,4623,3
k6,750,errors,567,484,709,3
loadtool,1000,errors,5729,5535,10570,3
k6,1000,errors,1061,998,1270,3
loadtool,100,errorRatePct,0,0,0,3
k6,100,errorRatePct,0,0,0,3
loadtool,250,errorRatePct,0.00388456954232191,0,0.0178770721442016,3
k6,250,errorRatePct,0.00163158221053284,0,0.00312343532453913,3
loadtool,500,errorRatePct,0.0885373926294391,0.0797616599318552,0.105308120912655,3
k6,500,errorRatePct,0.0303898013143315,0.0152455799281051,0.0359090238000505,3
loadtool,750,errorRatePct,0.257613254647171,0.110510929905053,0.648136205339868,3
k6,750,errorRatePct,0.0575520582219764,0.047460751723394,0.0634167590189991,3
loadtool,1000,errorRatePct,0.57646822342596,0.492204119084358,0.722977271017298,3
k6,1000,errorRatePct,0.121206674382763,0.106047930466141,0.170748496875437,3
loadtool,100,serverCpuPercent,10.48,9.87,12.98,3
k6,100,serverCpuPercent,11.18,10.18,11.2,3
loadtool,250,serverCpuPercent,16.19,13.66,21.54,3
k6,250,serverCpuPercent,20.85,16.32,21.21,3
loadtool,500,serverCpuPercent,21.84,20.52,23.04,3
k6,500,serverCpuPercent,16.55,16.49,18.09,3
loadtool,750,serverCpuPercent,22.52,15.61,22.82,3
k6,750,serverCpuPercent,17.94,17.9,18.66,3
loadtool,1000,serverCpuPercent,22.97,19.15,25.84,3
k6,1000,serverCpuPercent,15.89,14.74,16.3,3
