elapsed_s,private_mb,working_set_mb
0.10,35.7,2.0
0.37,125.3,96.9
0.66,183.6,154.3
0.94,210.7,181.1
1.22,224.9,195.4
1.50,227.6,198.0
1.79,236.7,207.4
2.09,236.5,207.3
2.36,236.8,207.7
2.64,235.4,206.4
2.92,235.4,206.5
3.22,235.5,206.5
3.52,235.4,206.5
3.82,235.0,206.0
4.13,232.6,203.7
4.43,232.8,203.8
4.73,229.4,200.4
5.02,225.1,196.2
5.30,225.1,196.2
5.61,237.9,209.0
5.90,229.6,200.7
6.19,225.9,197.0
6.49,239.5,210.6
6.79,234.4,205.5
7.08,234.5,205.6
7.37,234.6,205.7
7.66,240.0,211.1
7.96,240.1,211.2
8.25,248.9,219.9
8.54,240.5,211.6
8.84,237.9,209.0
9.15,240.1,211.2
9.43,242.2,213.3
9.74,242.2,213.3
10.02,242.2,213.4
10.30,242.2,213.4
10.59,240.2,211.4
10.88,243.7,214.8
11.18,242.0,213.2
11.47,253.5,224.7
11.74,249.5,220.8
12.05,249.5,220.8
12.33,249.5,220.8
12.62,242.2,213.5
12.94,240.1,211.4
13.23,240.1,211.4
13.53,242.3,213.6
13.83,242.6,213.9
14.12,242.6,213.9
14.41,256.4,227.7
14.72,256.4,227.7
15.01,256.4,227.7
15.29,250.2,221.5
15.57,249.3,220.6
15.85,249.3,220.6
16.13,252.6,223.9
16.41,253.5,224.9
16.72,253.5,224.9
17.00,253.5,225.0
17.28,257.7,229.2
17.55,258.9,230.3
17.84,259.2,230.6
18.12,259.2,230.7
18.39,252.7,224.2
18.70,263.6,235.1
19.01,263.6,235.1
19.32,263.0,234.5
19.60,264.6,236.1
19.88,271.7,243.2
20.16,274.3,245.8
20.45,276.5,248.0
20.76,276.5,248.0
21.04,269.3,240.8
21.33,264.0,235.5
21.63,261.8,233.3
21.94,258.8,230.4
22.24,258.8,230.4
22.54,258.8,230.4
22.84,258.8,230.4
23.14,258.8,230.4
23.44,258.8,230.4
23.73,258.8,230.4
24.04,282.5,254.0
24.33,282.2,253.7
24.62,281.8,253.3
24.93,281.8,253.3
25.25,278.5,250.0
25.58,272.3,243.8
25.88,272.3,243.8
26.21,272.3,243.8
26.52,272.3,243.8
26.81,273.4,245.0
27.11,274.2,245.8
27.39,274.5,246.0
27.69,275.9,247.5
27.98,275.9,247.5
28.29,275.9,247.5
28.58,275.9,247.5
28.89,275.1,246.7
29.21,275.1,246.7
29.52,272.6,244.2
29.84,271.5,243.1
30.49,271.6,243.2
30.87,271.6,243.2
31.17,271.6,243.2
31.47,271.6,243.2
31.76,270.8,242.4
32.05,270.8,242.4
32.35,269.1,240.7
32.66,266.6,238.2
32.98,266.6,238.2
33.28,266.6,238.2
33.57,291.5,262.8
33.88,292.9,264.5
34.19,288.6,260.2
34.49,288.6,260.2
34.80,280.0,251.7
35.10,272.3,243.9
35.40,272.3,243.9
35.69,272.3,243.9
35.97,272.3,243.9
36.26,272.3,243.9
36.56,278.4,250.0
36.84,280.3,251.9
37.14,280.6,252.2
37.42,280.6,252.2
37.72,280.6,252.3
38.01,280.6,252.3
38.31,280.6,252.3
38.62,280.6,252.3
38.92,280.6,252.3
39.22,281.2,252.9
39.51,281.3,252.9
39.81,282.6,254.0
40.11,282.9,254.2
40.38,281.4,252.8
40.66,277.5,248.9
40.94,277.5,248.9
41.25,277.5,248.9
41.57,277.5,248.9
41.90,277.5,248.9
42.20,277.5,248.9
42.48,277.5,248.9
42.78,277.5,248.9
43.05,293.9,262.1
43.34,314.6,286.0
43.62,308.4,279.9
43.90,304.0,275.5
44.22,309.3,280.7
44.51,311.0,282.5
44.80,318.5,290.1
45.10,315.9,287.5
45.40,315.9,287.5
45.69,310.8,282.5
45.99,299.9,271.7
46.28,295.0,266.7
46.57,295.0,266.7
46.87,295.0,266.7
47.16,295.0,266.7
47.44,295.0,266.7
47.73,295.0,266.8
48.02,295.0,266.8
48.32,295.0,266.8
48.61,295.0,266.8
48.93,294.6,266.3
49.25,294.6,266.3
49.55,294.6,266.3
49.84,294.6,266.3
50.13,294.6,266.4
50.44,294.6,266.4
50.73,294.6,266.4
51.04,297.7,269.3
51.34,298.0,269.5
51.65,298.0,269.5
51.93,298.0,269.5
52.21,298.0,269.5
52.51,298.0,269.6
52.81,298.1,269.7
53.12,304.7,276.3
53.43,305.0,276.7
53.72,305.0,276.8
54.02,305.0,276.8
54.33,305.2,276.8
54.63,351.7,323.2
54.96,351.7,323.2
55.28,351.7,323.2
55.57,343.8,315.4
55.88,336.1,307.7
56.17,333.9,305.5
56.47,335.3,306.8
56.76,335.6,307.2
57.05,344.2,315.8
57.37,354.7,326.2
57.66,355.0,326.5
57.97,355.3,326.7
58.28,346.0,317.5
58.57,338.6,310.1
58.87,333.1,304.6
59.15,330.7,302.2
59.44,325.8,297.4
59.76,319.5,291.0
60.06,313.1,284.6
60.36,312.5,284.1
60.64,300.1,272.1
60.91,300.8,274.1
61.18,301.1,276.0
